{"PPO/loss/actor_loss":-0.0010542154125869274,"_runtime":4.550130823,"PPO/analytics/klDivergence":0.001905543264001608,"PPO/analytics/sample_time":0.3931734561920166,"PPO/analytics/timesteps":10240,"PPO/loss/entropy_loss":0.002837877254933119,"_wandb":{"runtime":4},"PPO/analytics/update_time":0.24154424667358398,"PPO/weight/actor":11.724921226501465,"_timestamp":1.7422561974163504e+09,"PPO/analytics/K-epoch":5,"PPO/weight/critic":17.278507232666016,"update/env_step":10240,"PPO/analytics/remaining_time (hr)":0.006433499169846376,"PPO/loss/loss":8.227882261276244,"PPO/grad/actor":0.015510652181692421,"PPO/analytics/clip_fraction":0.004296875,"PPO/analytics/avg_rewards":-75.70195007324219,"PPO/grad/critic":0.49964095175266265,"PPO/loss/value_loss":16.463548717498778,"_step":10240}