{"PPO/weight/actor":12.270242691040039,"PPO/grad/critic":0.4215168958902359,"PPO/analytics/remaining_time (hr)":0.059728169459849594,"update/env_step":102400,"_step":102400,"PPO/analytics/sample_time":0.3730583190917969,"PPO/analytics/clip_fraction":0.013984375,"PPO/weight/critic":18.417823791503906,"PPO/loss/loss":0.7136566138267517,"PPO/loss/actor_loss":6.906722672283649e-05,"PPO/analytics/update_time":0.22812128067016602,"_wandb":{"runtime":26},"_runtime":26.421973262,"PPO/loss/entropy_loss":0.002837877254933119,"PPO/analytics/timesteps":102400,"PPO/analytics/klDivergence":-0.001120057888329029,"PPO/analytics/avg_rewards":-25.378000259399414,"_timestamp":1.7422556382409549e+09,"PPO/loss/value_loss":1.4328508830070497,"PPO/analytics/K-epoch":5,"PPO/grad/actor":0.1965488662943244}