{"PPO/analytics/sample_time":0.3550598621368408,"PPO/loss/entropy_loss":0.002837877254933119,"PPO/weight/critic":17.246910095214844,"PPO/analytics/remaining_time (hr)":0.006616406735653679,"PPO/loss/loss":0.5262634497880936,"PPO/grad/critic":0.4648697352409363,"_timestamp":1.7422558009835198e+09,"PPO/analytics/klDivergence":-0.0010257260873913765,"PPO/grad/actor":0.1347843053378165,"_step":10240,"_wandb":{"runtime":4},"PPO/analytics/avg_rewards":-36.666568756103516,"update/env_step":10240,"PPO/analytics/K-epoch":5,"PPO/analytics/clip_fraction":0.06046875,"PPO/loss/actor_loss":-0.007617031000554561,"PPO/analytics/update_time":0.24904274940490723,"PPO/loss/value_loss":1.0734367191791534,"_runtime":4.474181402,"PPO/weight/actor":11.758359909057617,"PPO/analytics/timesteps":10240}