{"PPO/weight/actor":11.7100191116333,"_timestamp":1.7422556705089693e+09,"PPO/loss/entropy_loss":0.002837877254933119,"_wandb":{"runtime":4},"PPO/grad/actor":0.12857498770579695,"PPO/analytics/clip_fraction":0.03625,"PPO/loss/actor_loss":-0.0025258252304047346,"update/env_step":10240,"PPO/analytics/sample_time":0.37062764167785645,"PPO/loss/loss":1.0409812498092652,"_step":10240,"PPO/analytics/update_time":0.2472820281982422,"PPO/analytics/remaining_time (hr)":0.006611213944852352,"PPO/weight/critic":16.74814796447754,"PPO/analytics/klDivergence":0.004910750780254602,"PPO/analytics/timesteps":10240,"PPO/analytics/avg_rewards":-31.507835388183594,"_runtime":4.734612383,"PPO/grad/critic":0.4670007050037384,"PPO/analytics/K-epoch":5,"PPO/loss/value_loss":2.092689938545227}