{"PPO/grad/critic":0.4673351866006851,"PPO/weight/critic":16.68537712097168,"PPO/analytics/timesteps":10240,"PPO/grad/actor":0.13472450399771332,"update/env_step":10240,"PPO/eval/ctr_std":0,"PPO/loss/loss":0.832196114063263,"PPO/eval/rew_std":0,"PPO/analytics/sample_time":0.3739478588104248,"PPO/eval/trk_std":0,"PPO/analytics/clip_fraction":0.0071875,"PPO/loss/value_loss":1.6717329454421996,"PPO/analytics/update_time":0.24824810028076172,"_wandb":{"runtime":4},"PPO/traj_plot":{"height":600,"format":"png","count":1,"filenames":["media/images/PPO/traj_plot_10240_2077dbefbd89861a9b92.png"],"_type":"images/separated","width":800},"PPO/analytics/remaining_time (hr)":0.006493250224739314,"_runtime":4.621645079,"PPO/analytics/klDivergence":0.0019878121092915535,"PPO/analytics/K-epoch":5,"PPO/loss/entropy_loss":0.002837877254933119,"PPO/eval/trk_mean":175.46937500414043,"PPO/analytics/avg_rewards":-27.165040969848633,"PPO/eval/ctr_mean":47.60500717163086,"PPO/weight/actor":11.730219841003418,"_step":10240,"_timestamp":1.7422563564063225e+09,"PPO/eval/rew_mean":-18.02298748882822,"PPO/loss/actor_loss":-0.0008324596658349037}