{"PPO/analytics/avg_rewards":-547.1008911132812,"PPO/trk_std":5.684341886080802e-14,"PPO/analytics/sample_time":0.34694910049438477,"PPO/loss/loss":685.7520556640625,"PPO/weight/actor":11.630197525024414,"PPO/analytics/clip_fraction":0.0203125,"_wandb":{"runtime":11},"PPO/analytics/klDivergence":0.0015863319858908653,"PPO/weight/critic":16.86867332458496,"PPO/analytics/timesteps":2560,"PPO/loss/entropy_loss":0.002837877254933119,"PPO/analytics/update_time":0.15628623962402344,"PPO/trk_mean":349.0157652317592,"PPO/ctr_mean":19.647493362426758,"PPO/grad/critic":0.4999996566772461,"_step":2560,"PPO/analytics/remaining_time (hr)":-0.00013916532030432588,"PPO/loss/actor_loss":-0.0008840166311711073,"PPO/ctr_std":0,"_timestamp":1.742252841769008e+09,"update/env_step":2560,"PPO/analytics/K-epoch":5,"PPO/loss/value_loss":1371.5114990234374,"_runtime":11.490113408,"PPO/rew_std":5.684341886080802e-14,"PPO/grad/actor":0.0005370680673513562,"PPO/rew_mean":-350.9805150457702}