{"PPO/analytics/timesteps":10240,"PPO/weight/critic":16.736328125,"PPO/analytics/clip_fraction":0.00625,"PPO/weight/actor":11.712780952453613,"PPO/loss/value_loss":3.308305974006653,"_wandb":{"runtime":4},"PPO/analytics/K-epoch":5,"PPO/analytics/remaining_time (hr)":0.006598880123347044,"PPO/analytics/klDivergence":0.009948670864105225,"PPO/loss/actor_loss":-0.0006712381262332201,"PPO/loss/loss":1.6506438517570496,"PPO/loss/entropy_loss":0.002837877254933119,"_runtime":4.578945272,"update/env_step":10240,"PPO/analytics/sample_time":0.38274502754211426,"PPO/analytics/update_time":0.2365109920501709,"_timestamp":1.7422557847052746e+09,"PPO/analytics/avg_rewards":-42.51259231567383,"PPO/grad/critic":0.48678495645523073,"PPO/grad/actor":0.0891683140117675,"_step":10240}