{"_step":302080,"PPO/analytics/timesteps":302080,"PPO/analytics/K-epoch":5,"PPO/grad/actor":0.04750917895697057,"PPO/loss/entropy_loss":0.002837877254933119,"_timestamp":1.7422568206721046e+09,"PPO/analytics/update_time":0.25058841705322266,"_wandb":{"runtime":72},"PPO/loss/value_loss":5.9060573434829715,"PPO/analytics/sample_time":0.35967421531677246,"PPO/weight/critic":21.292551040649414,"_runtime":72.432398378,"update/env_step":302080,"PPO/analytics/avg_rewards":-37.4968376159668,"PPO/grad/critic":0.49659144461154936,"PPO/analytics/klDivergence":0.007016395218670368,"PPO/loss/actor_loss":-0.00014402702450752258,"PPO/weight/actor":12.312504768371582,"PPO/analytics/remaining_time (hr)":0.17800759187322493,"PPO/analytics/clip_fraction":0.025703125,"PPO/loss/loss":2.9500467705726625}