{"PPO/weight/actor":11.738839149475098,"_timestamp":1.742256065856288e+09,"PPO/loss/value_loss":8.937982791807594,"PPO/loss/actor_loss":-0.0009842535208274678,"PPO/analytics/timesteps":10240,"PPO/analytics/update_time":0.22237873077392578,"PPO/analytics/remaining_time (hr)":0.006354309255257248,"update/env_step":10240,"PPO/analytics/K-epoch":5,"PPO/analytics/avg_rewards":-59.55800247192383,"PPO/loss/entropy_loss":0.002837877254933119,"PPO/analytics/sample_time":0.362987756729126,"PPO/grad/actor":0.030724420386832207,"PPO/analytics/clip_fraction":0.007907774390243903,"PPO/weight/critic":17.12196159362793,"PPO/loss/loss":4.465169412333791,"_step":10240,"_wandb":{"runtime":4},"PPO/grad/critic":0.4984216421842575,"PPO/analytics/klDivergence":0.025448836386203766,"_runtime":4.612990466}