{"PPO/loss/actor_loss":-0.0010330558195710182,"_step":10240,"PPO/loss/value_loss":1.496178504228592,"PPO/eval/trk_std":0,"PPO/grad/critic":0.47022882640361785,"PPO/loss/entropy_loss":0.002837877254933119,"PPO/analytics/avg_rewards":-24.76791763305664,"_runtime":4.629956034,"update/env_step":10240,"PPO/grad/actor":0.13907616255804897,"PPO/analytics/timesteps":10240,"PPO/loss/loss":0.7442183059453964,"PPO/analytics/remaining_time (hr)":0.006515868036076427,"PPO/eval/rew_std":0,"PPO/weight/actor":11.74339485168457,"PPO/weight/critic":16.827682495117188,"PPO/analytics/clip_fraction":0.01515625,"PPO/analytics/K-epoch":5,"PPO/eval/trk_mean":309.50976153977933,"PPO/analytics/sample_time":0.3688652515411377,"PPO/eval/rew_mean":-31.42843285132805,"_timestamp":1.7422563036618538e+09,"PPO/analytics/update_time":0.24109363555908203,"PPO/eval/ctr_std":3.814697265625e-06,"PPO/analytics/klDivergence":0.00635856669396162,"PPO/eval/ctr_mean":47.74565887451172,"_wandb":{"runtime":4}}