{"PPO/eval/rew_std":0,"_runtime":7.636144841,"PPO/loss/loss":0.6989255005121231,"PPO/analytics/remaining_time (hr)":0.006798045663680467,"update/env_step":20480,"PPO/analytics/update_time":0.23951315879821777,"PPO/grad/critic":0.4659964346885681,"PPO/traj_plot":{"_type":"images/separated","width":800,"height":600,"format":"png","count":1,"filenames":["media/images/PPO/traj_plot_10240_5cadd3fa728564bfe8cb.png"]},"PPO/eval/ctr_mean":36.26913833618164,"PPO/analytics/K-epoch":5,"PPO/analytics/clip_fraction":0.004140625,"PPO/loss/actor_loss":-0.00038359688594937326,"PPO/loss/entropy_loss":0.002837877254933119,"_timestamp":1.74225641350042e+09,"_wandb":{"runtime":7},"PPO/analytics/klDivergence":0.009466782212257385,"PPO/eval/trk_std":2.842170943040401e-14,"PPO/eval/ctr_std":0,"_step":20480,"PPO/grad/actor":0.13664765272289514,"PPO/loss/value_loss":1.4042939889430999,"PPO/weight/actor":11.817474365234375,"PPO/eval/trk_mean":151.26247063576278,"PPO/weight/critic":17.257715225219727,"PPO/analytics/sample_time":0.375079870223999,"PPO/analytics/timesteps":20480,"PPO/analytics/avg_rewards":-28.883056640625,"PPO/eval/rew_mean":-15.488938456465515}