{"_step":10240,"PPO/loss/entropy_loss":0.002837877254933119,"PPO/grad/actor":0.08872484058141708,"PPO/analytics/avg_rewards":-39.65635299682617,"_wandb":{"runtime":4},"PPO/analytics/update_time":0.24882793426513672,"PPO/analytics/klDivergence":0.015892622992396355,"PPO/loss/loss":1.841929121017456,"PPO/loss/value_loss":3.689590792655945,"PPO/weight/critic":16.630443572998047,"_timestamp":1.7422559409207454e+09,"PPO/loss/actor_loss":-2.83851008862257e-05,"PPO/analytics/remaining_time (hr)":0.0066147145070135594,"PPO/weight/actor":11.713383674621582,"PPO/analytics/timesteps":10240,"_runtime":4.551405633,"PPO/analytics/sample_time":0.36182093620300293,"PPO/analytics/clip_fraction":0.007421875,"update/env_step":10240,"PPO/grad/critic":0.4853062754869461,"PPO/analytics/K-epoch":5}